{"cameraMode":{"drawMode":0,"name":"Shaded","section":"Shading Mode"},"sceneLighting":true,"audioPlay":false,"sceneViewState":{"showFog":false,"showMaterialUpdate":false,"showSkybox":false,"showFlares":false,"showImageEffects":false,"showParticleSystems":true},"in2DMode":false,"pivot":{"x":732.858154296875,"y":-152.2595977783203,"z":621.4344482421875},"rotation":{"x":0.025660378858447076,"y":0.6605833172798157,"z":0.7499735951423645,"w":-0.022600872442126275},"size":42.266292572021487,"orthographic":false}