{"cameraMode":{"drawMode":0,"name":"Shaded","section":"Shading Mode"},"sceneLighting":false,"audioPlay":false,"sceneViewState":{"showFog":false,"showMaterialUpdate":false,"showSkybox":false,"showFlares":false,"showImageEffects":false,"showParticleSystems":true},"in2DMode":false,"pivot":{"x":27.34091567993164,"y":-12.062782287597657,"z":-19.18437957763672},"rotation":{"x":0.40683117508888247,"y":0.4766846299171448,"z":0.7329793572425842,"w":-0.2645779252052307},"size":197.8156280517578,"orthographic":false}