{"cameraMode":{"drawMode":0,"name":"Shaded","section":"Shading Mode"},"sceneLighting":false,"audioPlay":false,"sceneViewState":{"showFog":false,"showMaterialUpdate":false,"showSkybox":false,"showFlares":false,"showImageEffects":false,"showParticleSystems":true},"in2DMode":false,"pivot":{"x":85.35787963867188,"y":-1.2905731201171876,"z":-6.962863922119141},"rotation":{"x":0.050443101674318317,"y":0.5921044945716858,"z":0.8034213781356812,"w":-0.03717530891299248},"size":238.3612060546875,"orthographic":false}