{"cameraMode":{"drawMode":0,"name":"Shaded","section":"Shading Mode"},"sceneLighting":false,"audioPlay":false,"sceneViewState":{"showFog":false,"showMaterialUpdate":false,"showSkybox":false,"showFlares":false,"showImageEffects":false,"showParticleSystems":true},"in2DMode":false,"pivot":{"x":170.06785583496095,"y":-2.56158447265625,"z":13.943975448608399},"rotation":{"x":-0.004566029645502567,"y":0.6886281967163086,"z":0.7250872850418091,"w":0.004336542449891567},"size":320.7485046386719,"orthographic":false}