{"cameraMode":{"drawMode":0,"name":"Shaded","section":"Shading Mode"},"sceneLighting":true,"audioPlay":false,"sceneViewState":{"showFog":false,"showMaterialUpdate":false,"showSkybox":false,"showFlares":false,"showImageEffects":false,"showParticleSystems":true},"in2DMode":false,"pivot":{"x":-4.594459533691406,"y":23.001007080078126,"z":25.37118911743164},"rotation":{"x":-0.008540547452867031,"y":0.7194662094116211,"z":0.6944185495376587,"w":0.008849889039993286},"size":282.0593566894531,"orthographic":false}